ExternalBookingID,BookingSource,CreatedDate,ArrivalDate,DepartureDate,GuestName,GuestEmail,HotelCity,RoomCategory,Status,BookingAmountGBP,GuestCountry
OTA-84976211,Booking.com,2026-06-21,2026-07-19,2026-07-23,Luke Hall,lukehall42@yahoo.co.uk,Manchester,Standard Double,Cancelled,115.62,Germany
OTA-50133503,Expedia,2026-03-11,2026-05-01,2026-05-06,Sophie Wood,sophiewood72@gmail.com,London,Superior King,Checked Out,907.37,United Kingdom
OTA-97186626,Booking.com,2026-06-21,2026-08-18,2026-08-22,Chloe Clarke,chloeclarke96@yahoo.co.uk,London,Family Room,Checked Out,661.1,France
OTA-15120139,Expedia,2026-08-07,2026-10-21,2026-10-24,Evie Khan,eviekhan18@icloud.com,London,Family Room,Cancelled,392.06,United Kingdom
OTA-63330116,Expedia,2026-07-12,2026-08-12,2026-08-14,Lewis Collins,,Manchester,Family Room,Cancelled,346.9,Germany
OTA-62462456,Booking.com,2026-08-15,2026-10-06,2026-10-08,Henry Mitchell,henrymitchell94@proton.me,London,Superior King,Cancelled,239.0,Germany
OTA-86184372,Booking.com,2026-03-22,2026-03-23,2026-03-26,Bethany Campbell,bethanycampbell63@proton.me,Manchester,Family Room,Cancelled,703.74,United States
OTA-77315865,Expedia,2026-02-10,2026-03-25,2026-03-27,Oscar Edwards,oscaredwards27@hotmail.com,Manchester,Standard Twin,Cancelled,390.6,United Kingdom
OTA-37890146,Booking.com,2026-08-18,2026-11-11,2026-11-16,Olivia Robinson,oliviarobinson18@gmail.com,Edinburgh,Standard Twin,Confirmed,442.16,Ireland
OTA-31448527,Booking.com,2026-04-01,2026-06-11,2026-06-13,Aisha Reid,aishareid62@gmail.com,London,Exec King,Checked Out,126.25,Germany
OTA-35458929,Expedia,2026-03-06,2026-05-17,2026-05-22,Samuel Edwards,,Manchester,Superior King,Confirmed,696.01,United Kingdom
OTA-50630715,Expedia,2026-03-20,2026-05-12,2026-05-16,Leah Martin,leahmartin56@icloud.com,Edinburgh,Standard Double,Cancelled,668.75,United States
OTA-15048025,Booking.com,2026-04-22,2026-05-03,2026-05-06,Evie Ali,,Birmingham,Standard Double,Cancelled,507.86,United Kingdom
OTA-84236007,Expedia,2026-04-26,2026-05-04,2026-05-07,Maya Phillips,mayaphillips57@gmail.com,Bristol,Superior King,Checked Out,395.17,United States
OTA-61121172,Expedia,2026-05-30,2026-06-23,2026-06-28,Nathan Mitchell,nathanmitchell50@proton.me,Manchester,Family Room,Cancelled,645.37,United Kingdom
OTA-52772120,Booking.com,2026-03-04,2026-04-06,2026-04-09,Mohammed Gupta,mohammedgupta3@hotmail.com,Manchester,Executive King,Confirmed,962.07,United Kingdom
OTA-30590933,Expedia,2026-03-25,2026-05-20,2026-05-25,Harry Parker,harryparker64@outlook.com,Liverpool,Superior King,Confirmed,314.5,Ireland
OTA-19622915,Expedia,2026-05-21,2026-08-05,2026-08-06,Thomas Ali,thomasali28@hotmail.com,London,Standard Double,Cancelled,520.2,United Kingdom
OTA-35336035,Booking.com,2026-06-15,2026-07-23,2026-07-24,Ethan Stewart,ethanstewart8@outlook.com,Birmingham,Family Room,Cancelled,583.6,United Kingdom
OTA-44605685,Booking.com,2026-03-10,2026-05-09,2026-05-11,Alice Williams,alicewilliams87@proton.me,Bristol,Standard Twin,Cancelled,822.54,United Kingdom
OTA-29609791,Expedia,2026-08-24,2026-10-31,2026-11-01,Ryan Walker,,Edinburgh,Superior King,Confirmed,445.17,United Kingdom
OTA-58832114,Expedia,2026-03-08,2026-04-23,2026-04-27,Priya Carter,priyacarter15@gmail.com,Manchester,Superior King,Checked Out,208.14,United Kingdom
OTA-12361120,Booking.com,2026-06-26,2026-08-20,2026-08-25,Nadia Shah,nadiashah17@yahoo.co.uk,Birmingham,Superior King,Confirmed,413.99,France
OTA-86799658,Expedia,2026-07-19,2026-08-26,2026-08-28,Meera Cooper,meeracooper80@proton.me,Birmingham,Standard Double,Checked Out,512.07,United Kingdom
OTA-16841162,Booking.com,2026-01-02,2026-03-28,2026-03-29,Chloe Murray,chloemurray75@gmail.com,London,Superior King,Confirmed,755.28,Germany
OTA-30238731,Expedia,2026-07-24,2026-08-10,2026-08-11,Sara Smith,sarasmith73@yahoo.co.uk,Birmingham,Exec King,Cancelled,651.14,United Kingdom
OTA-19193869,Booking.com,2026-02-02,2026-02-11,2026-02-13,Lily Phillips,lilyphillips28@outlook.com,Manchester,Standard Double,Checked Out,621.73,Germany
OTA-50614981,Expedia,2026-08-22,2026-11-13,2026-11-14,Noah Williams,noahwilliams59@outlook.com,London,Family Room,Checked Out,367.78,Ireland
OTA-53597637,Expedia,2026-06-24,2026-06-30,2026-07-01,Lily Wright,lilywright17@proton.me,Manchester,Standard Double,Cancelled,701.75,Ireland
OTA-30777661,Expedia,2026-07-08,2026-10-01,2026-10-02,Sara Green,saragreen97@outlook.com,Manchester,Standard Double,Checked Out,698.81,France
OTA-76912160,Booking.com,2026-08-13,2026-08-20,2026-08-24,Rebecca Turner,rebeccaturner63@hotmail.com,Bristol,Standard Twin,Checked Out,288.48,Germany
OTA-82884078,Expedia,2026-01-29,2026-04-21,2026-04-25,Charlotte King,charlotteking13@proton.me,London,Executive King,Checked Out,252.24,
OTA-73336758,Expedia,2026-02-23,2026-03-16,2026-03-21,Charlie Walker,charliewalker25@yahoo.co.uk,Liverpool,Executive King,Checked Out,307.26,Germany
OTA-42744295,Booking.com,2026-08-20,2026-10-22,2026-10-23,Bethany Robinson,bethanyrobinson41@icloud.com,Birmingham,Standard Double,Confirmed,373.67,United Kingdom
OTA-77292763,Booking.com,2026-02-01,2026-03-25,2026-03-26,Thomas Fraser,thomasfraser53@yahoo.co.uk,Birmingham,Family Room,Checked Out,544.67,Germany
OTA-62532891,Booking.com,2026-04-12,2026-05-06,2026-05-07,George Morris,georgemorris98@gmail.com,Liverpool,Superior King,Checked Out,208.71,United Kingdom
OTA-51068793,Booking.com,2026-03-15,2026-05-03,2026-05-04,Luke Clarke,lukeclarke58@icloud.com,Manchester,Superior King,Confirmed,123.11,United Kingdom
OTA-89582868,Expedia,2026-06-09,2026-07-16,2026-07-18,Bethany Morris,bethanymorris63@hotmail.com,Manchester,Standard Double,Checked Out,119.25,United Kingdom
OTA-61642149,Expedia,2026-07-17,2026-09-17,2026-09-20,Rohan Khan,rohankhan31@gmail.com,Birmingham,Exec King,Checked Out,266.19,Ireland
OTA-41868735,Booking.com,2026-07-25,2026-08-08,2026-08-11,Grace Taylor,gracetaylor14@proton.me,Edinburgh,Executive King,Cancelled,582.81,United States
OTA-36052999,Expedia,2026-08-01,2026-09-30,2026-10-02,Oliver Patel,oliverpatel80@hotmail.com,Bristol,Standard Double,Cancelled,855.64,United Kingdom
OTA-95198744,Expedia,2026-02-10,2026-03-28,2026-04-01,Mohammed Jackson,mohammedjackson1@gmail.com,Liverpool,Standard Double,Cancelled,778.76,United Kingdom
OTA-75885079,Expedia,2026-08-23,2026-09-28,2026-09-30,Lily Hussain,lilyhussain38@yahoo.co.uk,Edinburgh,Superior King,Confirmed,176.99,United States
OTA-91877102,Expedia,2026-06-10,2026-08-31,2026-09-02,Amelia Thompson,ameliathompson83@hotmail.com,Bristol,Executive King,Confirmed,946.95,
OTA-36681057,Expedia,2026-02-02,2026-04-28,2026-05-01,Grace Murray,gracemurray24@proton.me,Bristol,Family Room,Confirmed,829.1,United Kingdom
OTA-80666452,Expedia,2026-08-06,2026-08-21,2026-08-26,Georgia Jones,georgiajones38@proton.me,Manchester,Superior King,Cancelled,748.93,Germany
OTA-56419030,Booking.com,2026-01-02,2026-03-19,2026-03-24,Ananya Mitchell,ananyamitchell41@outlook.com,London,Standard Double,Confirmed,735.18,Ireland
OTA-54515444,Booking.com,2026-06-08,2026-07-05,2026-07-07,Charlotte Brown,charlottebrown30@proton.me,Edinburgh,Family Room,Confirmed,381.39,United States
OTA-20850316,Expedia,2026-01-30,2026-02-27,2026-03-04,David Williams,davidwilliams99@icloud.com,Edinburgh,Superior King,Confirmed,175.01,France
OTA-30407177,Booking.com,2026-05-22,2026-06-28,2026-06-29,Bethany Gupta,bethanygupta22@hotmail.com,Edinburgh,Standard Twin,Checked Out,590.78,United Kingdom
OTA-69968916,Booking.com,2026-03-24,2026-06-15,2026-06-16,Leo Gupta,leogupta41@proton.me,London,Standard Double,Cancelled,307.88,Ireland
OTA-18182458,Expedia,2026-06-13,2026-08-10,2026-08-15,Alfie Clarke,alfieclarke7@icloud.com,Birmingham,Exec King,Cancelled,836.28,United Kingdom
OTA-95653883,Booking.com,2026-01-13,2026-04-04,2026-04-08,Matthew Smith,matthewsmith87@outlook.com,Edinburgh,Standard Twin,Confirmed,757.61,Ireland
OTA-32645460,Booking.com,2026-06-07,2026-06-12,2026-06-17,Georgia Hall,georgiahall41@yahoo.co.uk,Bristol,Standard Double,Checked Out,949.7,France
OTA-33818102,Expedia,2026-06-02,2026-06-18,2026-06-21,Charlie Edwards,charlieedwards97@proton.me,Edinburgh,Family Room,Checked Out,523.77,France
OTA-17066885,Expedia,2026-05-06,2026-06-04,2026-06-07,Ava Gupta,avagupta32@hotmail.com,Manchester,Standard Twin,Checked Out,147.49,
OTA-27541005,Expedia,2026-01-17,2026-02-03,2026-02-08,George Ahmed,georgeahmed10@icloud.com,Birmingham,Exec King,Confirmed,630.57,United Kingdom
OTA-75171282,Expedia,2026-02-07,2026-04-19,2026-04-20,Benjamin Campbell,benjamincampbell59@outlook.com,Birmingham,Family Room,Confirmed,842.67,
OTA-92645325,Booking.com,2026-02-15,2026-03-20,2026-03-21,Leah Patel,leahpatel28@hotmail.com,London,Family Room,Cancelled,546.11,France
OTA-93806267,Expedia,2026-03-11,2026-03-29,2026-04-02,Oliver Patel,oliverpatel14@proton.me,Manchester,Standard Twin,Cancelled,173.97,United States
OTA-65738457,Expedia,2026-05-01,2026-06-04,2026-06-08,Georgia Turner,georgiaturner2@outlook.com,Edinburgh,Superior King,Cancelled,379.86,United Kingdom
OTA-87286632,Booking.com,2026-03-11,2026-05-22,2026-05-26,Maya Morris,mayamorris72@icloud.com,Liverpool,Superior King,Checked Out,190.22,Ireland
OTA-25448045,Booking.com,2026-05-04,2026-07-16,2026-07-21,Nathan Morris,nathanmorris75@gmail.com,Edinburgh,Standard Twin,Confirmed,954.64,Ireland
OTA-22255183,Expedia,2026-03-07,2026-04-08,2026-04-10,Leah Campbell,leahcampbell88@yahoo.co.uk,Edinburgh,Standard Double,Checked Out,239.29,France
OTA-64088785,Booking.com,2026-04-10,2026-05-25,2026-05-28,Aisha Collins,,London,Executive King,Confirmed,679.18,United Kingdom
OTA-70048226,Booking.com,2026-07-04,2026-07-20,2026-07-23,Lucy Taylor,lucytaylor88@icloud.com,Birmingham,Family Room,Checked Out,371.59,
OTA-71470785,Booking.com,2026-06-18,2026-07-09,2026-07-11,Callum Khan,callumkhan82@hotmail.com,Birmingham,Superior King,Confirmed,666.09,Germany
OTA-75843564,Expedia,2026-03-31,2026-04-06,2026-04-08,Lucy Gupta,lucygupta39@outlook.com,Birmingham,Superior King,Checked Out,498.69,United Kingdom
OTA-17921580,Expedia,2026-01-09,2026-01-16,2026-01-19,Nadia Smith,nadiasmith29@gmail.com,Liverpool,Superior King,Confirmed,117.76,Germany
OTA-51180086,Expedia,2026-03-29,2026-04-03,2026-04-04,Ella White,ellawhite80@gmail.com,Liverpool,Standard Double,Cancelled,541.64,France
OTA-97811540,Booking.com,2026-01-17,2026-03-10,2026-03-14,Fatima Baker,fatimabaker93@proton.me,Bristol,Standard Double,Cancelled,502.5,Germany
OTA-82830046,Booking.com,2026-04-26,2026-07-11,2026-07-15,Ananya Clarke,ananyaclarke8@outlook.com,Manchester,Superior King,Checked Out,258.38,United Kingdom
OTA-30919654,Expedia,2026-01-01,2026-03-25,2026-03-29,Joshua Campbell,joshuacampbell52@gmail.com,Manchester,Standard Twin,Checked Out,126.85,France
OTA-40222753,Booking.com,2026-04-14,2026-04-25,2026-04-29,Lily Williams,lilywilliams4@icloud.com,Birmingham,Exec King,Cancelled,507.13,United Kingdom
OTA-35174554,Expedia,2026-05-30,2026-07-16,2026-07-21,Rebecca King,rebeccaking51@gmail.com,Manchester,Standard Double,Checked Out,793.07,Ireland
OTA-64703664,Expedia,2026-07-23,2026-09-10,2026-09-13,Ella Robinson,ellarobinson24@hotmail.com,Manchester,Standard Double,Checked Out,148.88,Ireland
OTA-88755223,Booking.com,2026-04-20,2026-05-16,2026-05-17,Isla Parker,islaparker96@icloud.com,Liverpool,Standard Double,Cancelled,437.91,United States
OTA-10940723,Booking.com,2026-03-19,2026-06-16,2026-06-17,Sara Campbell,saracampbell8@hotmail.com,Edinburgh,Family Room,Checked Out,692.54,United Kingdom
OTA-39269150,Booking.com,2026-08-29,2026-11-06,2026-11-09,Arjun Parker,arjunparker63@outlook.com,Liverpool,Standard Double,Confirmed,927.86,Ireland
OTA-14834594,Booking.com,2026-05-15,2026-06-26,2026-07-01,Noah Ali,noahali93@icloud.com,Manchester,Family Room,Confirmed,156.72,United Kingdom
OTA-85865059,Expedia,2026-04-02,2026-06-20,2026-06-23,Zara Walker,zarawalker71@gmail.com,Edinburgh,Exec King,Confirmed,842.84,Ireland
OTA-71271048,Expedia,2026-04-25,2026-07-06,2026-07-08,Samuel Jackson,samueljackson98@proton.me,Birmingham,Standard Double,Cancelled,359.32,United Kingdom
OTA-62320024,Booking.com,2026-04-17,2026-05-17,2026-05-20,Yusuf Collins,yusufcollins85@gmail.com,Birmingham,Superior King,Confirmed,437.14,France
OTA-13114275,Booking.com,2026-07-24,2026-08-23,2026-08-28,Daniel Davies,danieldavies63@gmail.com,Bristol,Executive King,Confirmed,821.93,United States
OTA-29486365,Expedia,2026-05-05,2026-07-18,2026-07-21,Hannah Smith,hannahsmith6@yahoo.co.uk,Manchester,Standard Double,Checked Out,375.68,Germany
OTA-16148901,Booking.com,2026-02-20,2026-03-09,2026-03-10,Bethany Brown,bethanybrown65@icloud.com,Edinburgh,Standard Double,Confirmed,289.25,United Kingdom
OTA-90248407,Booking.com,2026-07-06,2026-08-03,2026-08-06,Jessica King,jessicaking30@yahoo.co.uk,Bristol,Family Room,Checked Out,128.46,Ireland
OTA-86840792,Expedia,2026-07-17,2026-10-03,2026-10-06,Zara Mehta,zaramehta98@yahoo.co.uk,Manchester,Superior King,Cancelled,684.87,Germany
OTA-39660178,Booking.com,2026-07-07,2026-08-13,2026-08-17,Oliver Fraser,oliverfraser32@gmail.com,Birmingham,Standard Double,Confirmed,346.77,France
OTA-13476330,Expedia,2026-05-12,2026-05-24,2026-05-29,Alfie Wood,alfiewood64@gmail.com,Birmingham,Standard Double,Checked Out,546.35,United Kingdom
OTA-12830520,Booking.com,2026-05-14,2026-07-22,2026-07-25,Lewis Walker,lewiswalker31@yahoo.co.uk,Edinburgh,Executive King,Cancelled,310.51,United Kingdom
OTA-59738295,Booking.com,2026-02-01,2026-02-28,2026-03-01,Samuel Jones,,Bristol,Standard Double,Confirmed,561.81,Ireland
OTA-27744637,Booking.com,2026-04-27,2026-07-13,2026-07-15,Jacob Collins,jacobcollins62@proton.me,Manchester,Family Room,Checked Out,739.68,Germany
OTA-72796159,Booking.com,2026-03-28,2026-06-19,2026-06-23,Freya Shah,freyashah42@icloud.com,Liverpool,Superior King,Checked Out,695.67,United Kingdom
OTA-69853633,Booking.com,2026-05-01,2026-07-28,2026-08-01,Zara Green,zaragreen76@hotmail.com,Edinburgh,Standard Twin,Confirmed,602.76,Germany
OTA-22109562,Expedia,2026-02-26,2026-04-23,2026-04-26,Bethany Baker,bethanybaker3@gmail.com,Birmingham,Executive King,Checked Out,735.49,United Kingdom
OTA-79475184,Expedia,2026-07-23,2026-10-19,2026-10-23,Olivia Reid,oliviareid8@outlook.com,Birmingham,Family Room,Checked Out,965.6,Ireland
OTA-90765090,Booking.com,2026-08-06,2026-09-29,2026-10-04,Oliver King,oliverking25@outlook.com,Manchester,Standard Double,Cancelled,611.4,United Kingdom
OTA-56288174,Booking.com,2026-02-22,2026-03-17,2026-03-18,Yusuf Mitchell,yusufmitchell37@proton.me,Birmingham,Standard Double,Checked Out,690.82,United Kingdom
OTA-11535624,Expedia,2026-01-31,2026-02-11,2026-02-15,Omar Ali,omarali93@hotmail.com,Liverpool,Family Room,Confirmed,263.72,
OTA-91371671,Booking.com,2026-07-16,2026-10-07,2026-10-08,Luke Williams,lukewilliams8@proton.me,Manchester,Exec King,Checked Out,845.42,United Kingdom
OTA-70761636,Booking.com,2026-01-05,2026-02-26,2026-02-28,Priya Campbell,priyacampbell20@outlook.com,Birmingham,Superior King,Checked Out,162.72,United Kingdom
OTA-68956614,Booking.com,2026-06-03,2026-07-07,2026-07-12,Grace Evans,graceevans32@yahoo.co.uk,Liverpool,Family Room,Checked Out,794.69,United Kingdom
OTA-80626590,Booking.com,2026-07-30,2026-09-01,2026-09-05,Arjun White,arjunwhite73@proton.me,Birmingham,Standard Double,Confirmed,347.66,France
OTA-93050859,Expedia,2026-08-24,2026-10-13,2026-10-18,Leah Phillips,,London,Family Room,Confirmed,209.41,United Kingdom
OTA-44215691,Booking.com,2026-02-24,2026-04-06,2026-04-08,Mohammed Carter,mohammedcarter52@hotmail.com,Manchester,Superior King,Confirmed,540.66,Ireland
OTA-97564178,Booking.com,2026-05-06,2026-05-10,2026-05-14,Freya Clarke,freyaclarke42@outlook.com,Birmingham,Standard Double,Confirmed,878.88,United Kingdom
OTA-87166636,Expedia,2026-04-04,2026-05-31,2026-06-01,Freya Thompson,,Edinburgh,Standard Twin,Confirmed,782.62,Germany
OTA-93254500,Expedia,2026-01-27,2026-04-08,2026-04-09,Emily Ali,emilyali31@gmail.com,London,Standard Double,Confirmed,145.97,United States
OTA-51641559,Booking.com,2026-01-25,2026-01-25,2026-01-26,Charlotte White,charlottewhite83@yahoo.co.uk,Birmingham,Family Room,Checked Out,443.51,Germany
OTA-91482308,Booking.com,2026-04-08,2026-04-08,2026-04-10,Ella Thompson,ellathompson56@yahoo.co.uk,Birmingham,Standard Double,Confirmed,724.42,Germany
OTA-18754241,Expedia,2026-03-28,2026-06-01,2026-06-03,Daniel Turner,danielturner98@outlook.com,Bristol,Standard Twin,Cancelled,654.32,France
OTA-72224134,Expedia,2026-07-08,2026-07-29,2026-07-30,Charlotte Morris,charlottemorris31@proton.me,London,Exec King,Confirmed,137.78,Ireland
OTA-80514969,Expedia,2026-06-14,2026-06-14,2026-06-17,George Hussain,,Edinburgh,Exec King,Cancelled,368.32,United Kingdom
OTA-37955444,Expedia,2026-08-26,2026-10-14,2026-10-15,George Parker,georgeparker91@gmail.com,London,Family Room,Confirmed,224.69,United Kingdom
OTA-62301466,Booking.com,2026-04-03,2026-04-28,2026-04-30,Chloe King,chloeking86@proton.me,Manchester,Superior King,Checked Out,634.81,United Kingdom
OTA-33269283,Expedia,2026-04-09,2026-07-03,2026-07-04,Jack Clarke,jackclarke69@proton.me,Birmingham,Standard Double,Confirmed,823.69,Ireland
OTA-34716521,Booking.com,2026-01-27,2026-02-23,2026-02-24,Jessica Jones,jessicajones30@outlook.com,London,Standard Twin,Confirmed,926.74,United Kingdom
OTA-12400939,Expedia,2026-04-26,2026-04-26,2026-04-29,Omar Parker,omarparker2@yahoo.co.uk,Birmingham,Executive King,Confirmed,807.09,United Kingdom
OTA-68525863,Expedia,2026-07-21,2026-08-04,2026-08-07,Maya Martin,mayamartin67@gmail.com,Edinburgh,Family Room,Confirmed,560.39,United Kingdom
OTA-94922920,Expedia,2026-04-02,2026-06-14,2026-06-15,Oliver Wilson,oliverwilson24@proton.me,Birmingham,Family Room,Confirmed,363.01,United States
OTA-85620392,Expedia,2026-01-24,2026-04-13,2026-04-15,Luke Hussain,lukehussain78@proton.me,London,Superior King,Cancelled,176.71,United Kingdom
OTA-62754377,Booking.com,2026-01-01,2026-02-06,2026-02-11,Alice Patel,alicepatel14@proton.me,Liverpool,Executive King,Cancelled,493.67,United Kingdom
OTA-28604606,Expedia,2026-08-18,2026-09-20,2026-09-22,Sophia Morris,sophiamorris36@hotmail.com,Bristol,Standard Double,Cancelled,791.77,Ireland
OTA-69288369,Booking.com,2026-03-26,2026-04-22,2026-04-26,Chloe Stewart,chloestewart71@hotmail.com,London,Standard Twin,Confirmed,96.88,Germany
OTA-57208758,Expedia,2026-01-18,2026-02-19,2026-02-23,Maya Turner,mayaturner80@gmail.com,Manchester,Standard Twin,Checked Out,691.18,Ireland
OTA-88448453,Expedia,2026-03-29,2026-06-01,2026-06-05,Emily Hussain,emilyhussain69@yahoo.co.uk,Manchester,Superior King,Confirmed,515.96,Ireland
OTA-14288559,Expedia,2026-06-27,2026-08-13,2026-08-16,Alfie Brown,,Birmingham,Executive King,Confirmed,199.31,Germany
OTA-53056366,Booking.com,2026-07-28,2026-09-20,2026-09-22,Ava Murray,avamurray6@icloud.com,Edinburgh,Standard Double,Checked Out,595.79,United Kingdom
OTA-19496435,Expedia,2026-01-04,2026-01-15,2026-01-19,Adam Green,adamgreen12@icloud.com,Edinburgh,Family Room,Confirmed,146.41,United States
OTA-76093002,Booking.com,2026-01-30,2026-02-06,2026-02-11,Henry Walker,henrywalker83@outlook.com,London,Standard Double,Confirmed,478.67,United Kingdom
OTA-38316836,Expedia,2026-07-19,2026-09-06,2026-09-09,Grace Hussain,gracehussain48@proton.me,London,Standard Twin,Confirmed,763.01,United Kingdom
OTA-76119034,Expedia,2026-03-06,2026-03-11,2026-03-15,Oscar Murray,oscarmurray5@gmail.com,Edinburgh,Executive King,Checked Out,127.59,United States
OTA-74543260,Expedia,2026-07-13,2026-09-14,2026-09-16,Nadia Cooper,nadiacooper87@hotmail.com,London,Standard Double,Cancelled,459.53,Germany
OTA-46277365,Booking.com,2026-02-18,2026-02-20,2026-02-24,Rebecca Smith,rebeccasmith78@proton.me,Birmingham,Family Room,Confirmed,585.15,Ireland
OTA-91622544,Expedia,2026-01-28,2026-02-23,2026-02-27,Thomas King,thomasking41@yahoo.co.uk,London,Executive King,Cancelled,194.14,Ireland
OTA-13209447,Booking.com,2026-06-04,2026-08-14,2026-08-15,Oliver Ahmed,oliverahmed82@hotmail.com,London,Standard Twin,Checked Out,827.12,United Kingdom
OTA-91240565,Expedia,2026-03-24,2026-04-19,2026-04-23,Evie White,eviewhite64@yahoo.co.uk,Edinburgh,Standard Double,Cancelled,531.03,United Kingdom
OTA-57804938,Expedia,2026-07-22,2026-09-03,2026-09-06,Charlotte Green,charlottegreen96@yahoo.co.uk,London,Standard Double,Confirmed,566.4,Ireland
OTA-16328985,Booking.com,2026-05-25,2026-06-21,2026-06-23,Leah Jackson,,London,Executive King,Confirmed,817.95,France
OTA-10736090,Expedia,2026-06-30,2026-08-28,2026-09-02,Georgia Shah,georgiashah17@gmail.com,Manchester,Family Room,Checked Out,701.4,United States
OTA-49314345,Booking.com,2026-02-19,2026-04-22,2026-04-23,David Hussain,davidhussain3@outlook.com,London,Family Room,Confirmed,237.23,United Kingdom
OTA-56050367,Booking.com,2026-03-27,2026-05-03,2026-05-07,Matthew Robinson,matthewrobinson37@outlook.com,Bristol,Standard Double,Confirmed,285.69,France
OTA-55937659,Expedia,2026-07-31,2026-08-06,2026-08-09,Ava Hussain,avahussain46@yahoo.co.uk,London,Family Room,Confirmed,115.57,United Kingdom
OTA-48321153,Expedia,2026-03-15,2026-05-16,2026-05-17,Alice Campbell,alicecampbell28@hotmail.com,Manchester,Family Room,Cancelled,894.02,Germany
OTA-61608265,Expedia,2026-06-18,2026-08-20,2026-08-24,Rebecca Wood,rebeccawood74@proton.me,Birmingham,Superior King,Confirmed,885.69,United Kingdom
OTA-40917734,Expedia,2026-01-05,2026-01-25,2026-01-27,Rebecca Fraser,rebeccafraser99@proton.me,Bristol,Standard Twin,Checked Out,331.3,United Kingdom
OTA-77275864,Booking.com,2026-08-05,2026-08-26,2026-08-31,Ryan Baker,ryanbaker18@yahoo.co.uk,Birmingham,Standard Double,Checked Out,558.55,Germany
OTA-96543429,Booking.com,2026-02-03,2026-04-29,2026-04-30,Zara Parker,zaraparker40@icloud.com,Manchester,Standard Double,Confirmed,790.82,United Kingdom
OTA-38045351,Booking.com,2026-05-18,2026-06-26,2026-06-29,Arjun Singh,arjunsingh56@proton.me,Birmingham,Standard Double,Cancelled,879.06,France
OTA-81493028,Booking.com,2026-05-06,2026-07-20,2026-07-23,Alfie Davies,alfiedavies36@icloud.com,Edinburgh,Exec King,Cancelled,159.01,United Kingdom
OTA-57703766,Expedia,2026-05-07,2026-07-07,2026-07-09,Charlie Edwards,,Edinburgh,Family Room,Confirmed,248.93,United Kingdom
OTA-51635660,Booking.com,2026-02-17,2026-03-06,2026-03-08,Fatima Khan,fatimakhan97@outlook.com,Edinburgh,Executive King,Confirmed,809.08,France
OTA-52873163,Expedia,2026-05-22,2026-05-31,2026-06-02,Luke Walker,,London,Executive King,Cancelled,745.92,United Kingdom
OTA-21906101,Booking.com,2026-03-01,2026-04-01,2026-04-02,Harry Baker,,Liverpool,Executive King,Confirmed,463.79,United Kingdom
OTA-35184870,Expedia,2026-07-21,2026-08-15,2026-08-17,Olivia Stewart,oliviastewart64@icloud.com,Edinburgh,Standard Double,Cancelled,526.74,Germany
OTA-30545264,Expedia,2026-01-04,2026-02-22,2026-02-25,Benjamin Taylor,benjamintaylor78@proton.me,London,Family Room,Checked Out,510.57,Ireland
OTA-51478980,Booking.com,2026-07-13,2026-10-03,2026-10-06,Callum Robinson,callumrobinson76@hotmail.com,London,Standard Double,Cancelled,429.48,United States
OTA-38290393,Booking.com,2026-08-25,2026-10-30,2026-11-04,James Walker,jameswalker29@hotmail.com,Birmingham,Family Room,Confirmed,704.39,Ireland
OTA-60330870,Expedia,2026-07-25,2026-10-17,2026-10-21,Noah Khan,noahkhan68@hotmail.com,Liverpool,Executive King,Confirmed,329.25,United Kingdom
OTA-76293867,Expedia,2026-02-18,2026-05-02,2026-05-03,Grace Ahmed,graceahmed24@proton.me,London,Standard Double,Confirmed,552.98,Germany
OTA-46919309,Expedia,2026-01-15,2026-03-27,2026-03-30,William Taylor,williamtaylor36@yahoo.co.uk,Bristol,Standard Double,Checked Out,206.26,France
OTA-88865167,Booking.com,2026-01-03,2026-01-18,2026-01-20,William Brown,williambrown89@yahoo.co.uk,Bristol,Standard Double,Confirmed,344.01,United States
OTA-90236319,Booking.com,2026-08-21,2026-11-12,2026-11-17,Leah Turner,leahturner68@icloud.com,London,Standard Double,Cancelled,106.75,United Kingdom
OTA-79353676,Expedia,2026-01-26,2026-04-17,2026-04-18,Mia Martin,miamartin91@gmail.com,Manchester,Family Room,Cancelled,251.9,United States
OTA-10146986,Booking.com,2026-04-28,2026-07-26,2026-07-27,Noah Khan,noahkhan66@hotmail.com,Manchester,Exec King,Checked Out,689.54,France
OTA-17259881,Expedia,2026-05-10,2026-05-22,2026-05-24,Mia Smith,miasmith21@gmail.com,Birmingham,Standard Double,Confirmed,468.49,United Kingdom
OTA-41040678,Expedia,2026-03-25,2026-03-31,2026-04-05,Bethany Davies,bethanydavies83@hotmail.com,Edinburgh,Family Room,Cancelled,428.87,Germany
OTA-37942069,Booking.com,2026-02-26,2026-03-30,2026-04-03,Henry Wood,henrywood85@proton.me,London,Family Room,Confirmed,736.58,Ireland
OTA-27046633,Booking.com,2026-07-20,2026-08-14,2026-08-19,Jacob Wilson,jacobwilson73@gmail.com,London,Family Room,Confirmed,555.08,United States
OTA-89700027,Expedia,2026-05-14,2026-07-04,2026-07-09,Benjamin Wright,benjaminwright25@outlook.com,Manchester,Superior King,Checked Out,164.32,United Kingdom
OTA-96653573,Booking.com,2026-08-21,2026-09-27,2026-09-30,Ava Williams,avawilliams91@outlook.com,London,Standard Double,Cancelled,525.81,United States
OTA-20442895,Booking.com,2026-02-19,2026-03-25,2026-03-28,Hannah Wright,hannahwright29@yahoo.co.uk,Manchester,Superior King,Confirmed,960.45,United Kingdom
OTA-43705213,Expedia,2026-06-13,2026-08-01,2026-08-03,Jack Brown,jackbrown14@outlook.com,Liverpool,Family Room,Checked Out,678.15,United Kingdom
OTA-56355634,Expedia,2026-03-08,2026-04-23,2026-04-25,Harry Phillips,harryphillips1@yahoo.co.uk,Manchester,Superior King,Confirmed,870.99,United States
OTA-64248453,Booking.com,2026-04-06,2026-06-15,2026-06-16,Rebecca Hall,,London,Superior King,Checked Out,760.93,United States
OTA-20938630,Booking.com,2026-04-23,2026-07-04,2026-07-05,Oscar Phillips,oscarphillips73@hotmail.com,Edinburgh,Executive King,Checked Out,786.02,Ireland
OTA-61415220,Expedia,2026-08-18,2026-08-31,2026-09-03,Freya Collins,freyacollins74@yahoo.co.uk,Birmingham,Standard Double,Confirmed,923.81,United Kingdom
OTA-27581985,Expedia,2026-06-18,2026-06-20,2026-06-23,Mohammed Williams,mohammedwilliams81@yahoo.co.uk,Edinburgh,Superior King,Cancelled,224.83,United Kingdom
OTA-20068386,Booking.com,2026-07-31,2026-10-08,2026-10-11,Mohammed Jackson,mohammedjackson85@icloud.com,Manchester,Standard Double,Cancelled,345.42,France
OTA-59371714,Expedia,2026-03-16,2026-04-21,2026-04-25,Matthew Harris,matthewharris65@hotmail.com,Birmingham,Executive King,Cancelled,796.29,United States
OTA-79429668,Booking.com,2026-08-18,2026-09-08,2026-09-09,Arjun Baker,arjunbaker46@icloud.com,London,Standard Twin,Checked Out,647.59,Ireland
OTA-90439750,Booking.com,2026-01-19,2026-04-09,2026-04-10,Arjun Green,arjungreen36@yahoo.co.uk,Birmingham,Superior King,Cancelled,858.99,United Kingdom
OTA-28876301,Booking.com,2026-07-01,2026-08-05,2026-08-07,Meera White,meerawhite24@proton.me,Edinburgh,Standard Double,Confirmed,583.04,Germany
OTA-55917427,Expedia,2026-01-09,2026-03-08,2026-03-13,Ananya Davies,ananyadavies53@yahoo.co.uk,Edinburgh,Family Room,Checked Out,446.22,United States
OTA-12602562,Booking.com,2026-04-10,2026-04-25,2026-04-29,Jacob Hall,jacobhall15@yahoo.co.uk,London,Exec King,Checked Out,977.83,United Kingdom
OTA-20870373,Booking.com,2026-04-22,2026-06-16,2026-06-20,Sophie Morris,sophiemorris75@outlook.com,Edinburgh,Superior King,Checked Out,353.13,France
OTA-94649102,Expedia,2026-03-24,2026-04-30,2026-05-02,Rohan Green,rohangreen57@proton.me,Edinburgh,Standard Twin,Confirmed,845.55,Ireland
OTA-59380541,Booking.com,2026-02-20,2026-03-11,2026-03-16,Ava Shah,avashah66@hotmail.com,Manchester,Superior King,Confirmed,178.56,
OTA-29450546,Expedia,2026-05-10,2026-06-19,2026-06-22,Oscar Murray,oscarmurray33@outlook.com,Bristol,Standard Twin,Checked Out,336.05,Ireland
OTA-82509543,Expedia,2026-08-17,2026-10-03,2026-10-08,Amelia Ali,ameliaali34@hotmail.com,Edinburgh,Standard Double,Confirmed,419.75,
OTA-18935150,Expedia,2026-01-14,2026-03-24,2026-03-26,Matthew Wright,matthewwright45@icloud.com,Liverpool,Superior King,Checked Out,814.31,Ireland
OTA-53347748,Expedia,2026-03-04,2026-05-19,2026-05-24,Charlie Wilson,charliewilson69@proton.me,London,Family Room,Confirmed,791.64,Ireland
OTA-27866767,Expedia,2026-01-12,2026-03-13,2026-03-15,Meera Mehta,meeramehta40@icloud.com,Bristol,Standard Double,Confirmed,654.78,Ireland
OTA-97892068,Booking.com,2026-02-24,2026-04-15,2026-04-18,Ethan Turner,ethanturner12@gmail.com,Manchester,Family Room,Checked Out,823.8,France
OTA-11219693,Booking.com,2026-04-26,2026-05-17,2026-05-19,Ella Cooper,ellacooper86@hotmail.com,Birmingham,Family Room,Confirmed,236.68,Ireland
OTA-86962017,Booking.com,2026-02-11,2026-03-05,2026-03-08,Samuel Williams,samuelwilliams34@gmail.com,Manchester,Family Room,Confirmed,337.48,United Kingdom
OTA-38672170,Booking.com,2026-08-19,2026-09-21,2026-09-26,Zara Harris,zaraharris20@hotmail.com,Edinburgh,Standard Double,Cancelled,490.45,United Kingdom
OTA-14940231,Booking.com,2026-04-06,2026-04-20,2026-04-23,Freya Smith,freyasmith31@hotmail.com,Birmingham,Standard Double,Cancelled,232.49,Germany
OTA-11271408,Booking.com,2026-06-13,2026-07-21,2026-07-25,Benjamin Mitchell,benjaminmitchell50@hotmail.com,Manchester,Standard Double,Confirmed,439.01,Germany
OTA-92517156,Booking.com,2026-01-11,2026-04-08,2026-04-09,Isla Mehta,islamehta47@hotmail.com,Bristol,Superior King,Confirmed,656.75,Germany
OTA-17363122,Expedia,2026-03-29,2026-06-15,2026-06-19,Zara Robinson,zararobinson30@gmail.com,London,Standard Twin,Confirmed,817.72,Ireland
OTA-35553598,Booking.com,2026-01-07,2026-02-05,2026-02-09,Daniel Khan,danielkhan95@proton.me,Edinburgh,Family Room,Confirmed,310.26,United Kingdom
OTA-74591212,Expedia,2026-01-03,2026-03-12,2026-03-14,David Clarke,davidclarke65@outlook.com,Edinburgh,Family Room,Confirmed,151.31,United States
OTA-55051706,Expedia,2026-07-24,2026-10-21,2026-10-25,Leah Taylor,leahtaylor69@icloud.com,London,Standard Double,Confirmed,594.87,Ireland
OTA-95569405,Expedia,2026-08-08,2026-10-05,2026-10-10,Ethan Jackson,ethanjackson83@gmail.com,Bristol,Standard Double,Confirmed,276.59,Ireland
OTA-38711997,Booking.com,2026-04-19,2026-04-19,2026-04-21,Lily Thompson,lilythompson6@yahoo.co.uk,Birmingham,Family Room,Checked Out,639.48,United Kingdom
OTA-68834195,Expedia,2026-01-17,2026-03-15,2026-03-20,William Wright,williamwright59@yahoo.co.uk,Edinburgh,Exec King,Confirmed,798.88,France
OTA-48058098,Expedia,2026-03-31,2026-05-24,2026-05-27,Sophia Brown,sophiabrown69@proton.me,Edinburgh,Standard Double,Cancelled,199.94,France
OTA-74803855,Booking.com,2026-08-06,2026-11-04,2026-11-06,Isla King,,Manchester,Superior King,Cancelled,408.91,
OTA-36195199,Booking.com,2026-07-17,2026-09-06,2026-09-09,Freya Brown,freyabrown48@yahoo.co.uk,Edinburgh,Family Room,Confirmed,694.01,United States
OTA-28127729,Expedia,2026-04-29,2026-05-25,2026-05-30,Ava Clarke,avaclarke2@outlook.com,London,Standard Double,Confirmed,144.73,Ireland
OTA-24081594,Booking.com,2026-05-31,2026-05-31,2026-06-02,George Reid,georgereid77@hotmail.com,Edinburgh,Standard Twin,Cancelled,568.92,United States
OTA-53171205,Booking.com,2026-05-29,2026-08-24,2026-08-27,Benjamin Jones,benjaminjones83@gmail.com,Edinburgh,Executive King,Confirmed,674.45,United Kingdom
OTA-23402546,Booking.com,2026-05-17,2026-06-25,2026-06-30,Ananya Wood,ananyawood50@yahoo.co.uk,Liverpool,Standard Double,Cancelled,909.57,United Kingdom
OTA-16512703,Booking.com,2026-02-19,2026-02-25,2026-02-27,Alfie Shah,alfieshah63@proton.me,Birmingham,Standard Double,Cancelled,428.46,United Kingdom
OTA-24651694,Expedia,2026-05-01,2026-06-24,2026-06-27,Oscar White,oscarwhite64@yahoo.co.uk,Edinburgh,Standard Twin,Confirmed,579.57,Ireland
OTA-16921132,Booking.com,2026-07-01,2026-08-06,2026-08-09,Daniel Wood,danielwood42@icloud.com,Bristol,Superior King,Cancelled,297.8,United Kingdom
OTA-88166056,Expedia,2026-08-08,2026-09-15,2026-09-17,Leo Hussain,leohussain2@gmail.com,Birmingham,Superior King,Checked Out,360.59,United Kingdom
OTA-44679712,Expedia,2026-03-03,2026-05-25,2026-05-29,Ava Khan,avakhan42@yahoo.co.uk,London,Family Room,Confirmed,874.17,Germany
OTA-66532477,Expedia,2026-06-24,2026-08-21,2026-08-24,Olivia Baker,oliviabaker84@outlook.com,Birmingham,Standard Twin,Cancelled,882.45,United Kingdom
OTA-37559113,Expedia,2026-03-11,2026-05-27,2026-05-29,Oscar Smith,oscarsmith52@yahoo.co.uk,Manchester,Standard Double,Confirmed,924.91,United Kingdom
OTA-24171667,Expedia,2026-04-05,2026-05-11,2026-05-13,Joshua White,joshuawhite46@proton.me,Birmingham,Executive King,Confirmed,627.81,United Kingdom
OTA-21757193,Expedia,2026-07-31,2026-10-27,2026-11-01,Jacob Jones,jacobjones72@hotmail.com,Manchester,Superior King,Confirmed,396.15,France
OTA-44516536,Expedia,2026-02-07,2026-04-21,2026-04-23,Zara Phillips,,Birmingham,Standard Double,Confirmed,174.51,United States
OTA-55132864,Expedia,2026-04-10,2026-04-22,2026-04-23,Priya Wright,priyawright70@hotmail.com,Manchester,Standard Twin,Confirmed,224.08,Germany
OTA-67380432,Expedia,2026-02-08,2026-03-26,2026-03-27,Mohammed Harris,mohammedharris4@hotmail.com,London,Executive King,Confirmed,846.06,France
OTA-66248150,Expedia,2026-08-01,2026-09-21,2026-09-23,Ava Green,avagreen55@hotmail.com,Birmingham,Executive King,Cancelled,539.23,United States
OTA-23175424,Booking.com,2026-04-15,2026-06-27,2026-07-02,Ananya Jones,ananyajones92@outlook.com,Birmingham,Executive King,Checked Out,790.62,United Kingdom
OTA-95185007,Booking.com,2026-01-12,2026-02-09,2026-02-14,Ethan Mehta,ethanmehta19@icloud.com,Manchester,Exec King,Confirmed,564.85,United Kingdom
OTA-69325617,Booking.com,2026-05-21,2026-08-11,2026-08-15,Yusuf Morris,yusufmorris2@icloud.com,Edinburgh,Standard Double,Cancelled,908.22,Germany
OTA-34258400,Expedia,2026-05-06,2026-05-20,2026-05-25,Oscar Campbell,oscarcampbell35@icloud.com,Liverpool,Standard Twin,Checked Out,579.85,United Kingdom
OTA-94129235,Booking.com,2026-02-02,2026-02-24,2026-02-25,Mohammed Stewart,,Bristol,Standard Double,Cancelled,280.27,Ireland
OTA-19632484,Expedia,2026-08-21,2026-08-28,2026-09-01,Sophie Phillips,sophiephillips29@outlook.com,Edinburgh,Exec King,Checked Out,553.81,United Kingdom
OTA-57351202,Booking.com,2026-02-18,2026-03-28,2026-03-30,Aisha Baker,aishabaker22@yahoo.co.uk,Edinburgh,Family Room,Checked Out,957.98,United Kingdom
OTA-87542868,Booking.com,2026-01-21,2026-02-09,2026-02-11,Evie Mitchell,eviemitchell5@hotmail.com,Edinburgh,Standard Double,Checked Out,892.62,United States
OTA-84097671,Expedia,2026-06-26,2026-07-11,2026-07-12,Ananya Phillips,ananyaphillips13@outlook.com,Edinburgh,Exec King,Cancelled,708.42,Ireland
OTA-39283956,Booking.com,2026-04-28,2026-05-03,2026-05-08,Mohammed Smith,mohammedsmith69@gmail.com,Edinburgh,Family Room,Checked Out,630.51,
OTA-16115621,Booking.com,2026-02-14,2026-04-03,2026-04-07,Ananya Singh,ananyasingh11@yahoo.co.uk,Birmingham,Superior King,Checked Out,849.33,United States
OTA-49328103,Booking.com,2026-07-24,2026-08-30,2026-09-02,Mia Turner,miaturner89@proton.me,Bristol,Standard Double,Confirmed,440.97,United Kingdom
OTA-19132287,Booking.com,2026-02-26,2026-04-12,2026-04-16,Samuel Patel,samuelpatel69@yahoo.co.uk,Bristol,Standard Twin,Confirmed,829.36,United States
OTA-45058809,Booking.com,2026-07-16,2026-10-09,2026-10-10,Sophia Jones,sophiajones50@icloud.com,Edinburgh,Standard Double,Cancelled,332.12,United Kingdom
OTA-41713471,Expedia,2026-04-13,2026-06-14,2026-06-15,Benjamin Taylor,benjamintaylor61@yahoo.co.uk,Manchester,Superior King,Cancelled,200.54,United Kingdom
OTA-46144630,Expedia,2026-06-07,2026-08-15,2026-08-16,Hannah Clarke,hannahclarke18@yahoo.co.uk,Manchester,Standard Double,Cancelled,386.86,United Kingdom
OTA-42703971,Booking.com,2026-06-26,2026-08-03,2026-08-08,Mia Hall,miahall29@gmail.com,Manchester,Standard Twin,Confirmed,338.6,United States
OTA-92067949,Booking.com,2026-05-26,2026-05-31,2026-06-01,David Martin,davidmartin80@yahoo.co.uk,London,Superior King,Confirmed,723.99,United Kingdom
OTA-71468096,Expedia,2026-08-04,2026-09-12,2026-09-14,Hannah Morris,hannahmorris11@icloud.com,Liverpool,Executive King,Cancelled,757.86,Germany
OTA-90184497,Expedia,2026-02-15,2026-03-21,2026-03-22,Alfie Fraser,alfiefraser6@outlook.com,Edinburgh,Executive King,Confirmed,362.61,United Kingdom
OTA-94493213,Booking.com,2026-03-01,2026-05-07,2026-05-10,Samuel Ali,samuelali6@outlook.com,Edinburgh,Superior King,Cancelled,644.96,Ireland
OTA-11463554,Expedia,2026-02-17,2026-04-24,2026-04-26,Benjamin Shah,benjaminshah55@icloud.com,Liverpool,Family Room,Cancelled,227.79,Germany
OTA-55184791,Expedia,2026-06-29,2026-07-05,2026-07-06,Priya Williams,priyawilliams73@yahoo.co.uk,London,Standard Double,Checked Out,237.03,Germany
OTA-71165280,Expedia,2026-08-01,2026-08-25,2026-08-30,Fatima Jones,fatimajones19@outlook.com,London,Executive King,Confirmed,454.45,United Kingdom
OTA-55035045,Booking.com,2026-07-27,2026-09-28,2026-09-30,Fatima Baker,fatimabaker83@hotmail.com,Manchester,Standard Double,Cancelled,190.6,Germany
OTA-71343703,Booking.com,2026-07-23,2026-08-30,2026-09-01,Bethany Clarke,,London,Exec King,Confirmed,148.92,Germany
OTA-94264315,Expedia,2026-05-27,2026-06-06,2026-06-07,Ava Wilson,avawilson54@hotmail.com,Birmingham,Family Room,Cancelled,458.83,Ireland
OTA-76095178,Expedia,2026-06-15,2026-06-24,2026-06-25,Sophia Taylor,,London,Standard Twin,Cancelled,687.16,
OTA-92762351,Booking.com,2026-06-04,2026-07-02,2026-07-07,Mohammed Hall,mohammedhall10@outlook.com,Birmingham,Exec King,Cancelled,411.13,United Kingdom
OTA-46271904,Booking.com,2026-07-12,2026-10-01,2026-10-03,Alice Martin,alicemartin20@gmail.com,Manchester,Family Room,Checked Out,550.99,United Kingdom
OTA-37039150,Expedia,2026-06-25,2026-06-28,2026-06-30,Bethany Martin,bethanymartin49@outlook.com,Manchester,Superior King,Confirmed,372.88,United Kingdom
OTA-33713952,Booking.com,2026-07-21,2026-09-09,2026-09-14,David Mehta,davidmehta64@hotmail.com,Birmingham,Exec King,Cancelled,240.86,United Kingdom
OTA-85728246,Booking.com,2026-02-09,2026-03-18,2026-03-22,Grace Clarke,graceclarke35@icloud.com,Birmingham,Exec King,Confirmed,115.12,France
OTA-32062746,Booking.com,2026-01-23,2026-02-28,2026-03-03,Amelia Johnson,ameliajohnson45@gmail.com,Birmingham,Standard Double,Confirmed,106.39,United States
OTA-62071942,Booking.com,2026-06-12,2026-08-03,2026-08-05,Maya Johnson,mayajohnson96@icloud.com,Birmingham,Exec King,Confirmed,543.37,Germany
OTA-85398627,Booking.com,2026-07-06,2026-09-10,2026-09-15,Sophia Robinson,sophiarobinson62@gmail.com,Edinburgh,Standard Double,Confirmed,205.86,
OTA-19425976,Booking.com,2026-01-07,2026-03-07,2026-03-12,Leo Harris,leoharris10@icloud.com,London,Standard Double,Checked Out,900.17,France
OTA-28559042,Expedia,2026-07-24,2026-10-08,2026-10-12,Priya Khan,priyakhan49@icloud.com,Birmingham,Standard Double,Checked Out,562.97,United Kingdom
OTA-18833298,Booking.com,2026-01-04,2026-01-20,2026-01-23,Adam Martin,adammartin85@yahoo.co.uk,Birmingham,Family Room,Cancelled,437.08,United States
OTA-86079753,Booking.com,2026-07-13,2026-09-17,2026-09-22,Fatima White,fatimawhite7@outlook.com,Birmingham,Superior King,Confirmed,878.01,
OTA-34189824,Expedia,2026-01-19,2026-03-21,2026-03-23,Oliver Patel,oliverpatel5@hotmail.com,London,Standard Double,Confirmed,146.58,France
OTA-82147505,Booking.com,2026-01-18,2026-04-02,2026-04-06,Charlie Gupta,,Edinburgh,Family Room,Cancelled,958.68,United Kingdom
OTA-89676042,Booking.com,2026-06-16,2026-09-08,2026-09-10,Ella Gupta,,Manchester,Superior King,Confirmed,316.78,
OTA-24622120,Expedia,2026-08-10,2026-09-13,2026-09-18,Nadia Turner,nadiaturner50@outlook.com,Edinburgh,Standard Double,Checked Out,562.4,United Kingdom
OTA-37010333,Booking.com,2026-07-03,2026-09-05,2026-09-10,Lily Evans,lilyevans88@icloud.com,Manchester,Standard Double,Confirmed,454.2,France
OTA-29296617,Booking.com,2026-08-27,2026-10-12,2026-10-16,Matthew Mehta,matthewmehta22@gmail.com,Liverpool,Standard Double,Checked Out,501.52,United Kingdom
OTA-27011748,Expedia,2026-07-18,2026-09-25,2026-09-30,James Hall,,London,Executive King,Cancelled,222.49,Ireland
OTA-52711000,Booking.com,2026-08-03,2026-08-25,2026-08-28,Charlotte Shah,charlotteshah38@gmail.com,London,Family Room,Confirmed,972.39,United Kingdom
OTA-11870355,Booking.com,2026-02-15,2026-05-14,2026-05-18,Ella Stewart,ellastewart2@yahoo.co.uk,London,Superior King,Confirmed,441.34,France
OTA-75770048,Booking.com,2026-08-22,2026-10-14,2026-10-15,Alice Johnson,alicejohnson29@hotmail.com,Manchester,Standard Twin,Confirmed,761.49,United Kingdom
OTA-45392064,Expedia,2026-07-05,2026-07-29,2026-07-31,Leo Mitchell,leomitchell98@yahoo.co.uk,Birmingham,Standard Double,Cancelled,609.56,Germany
OTA-23746882,Booking.com,2026-06-11,2026-08-21,2026-08-25,Priya Brown,priyabrown38@proton.me,Manchester,Standard Twin,Cancelled,727.91,United Kingdom
OTA-19860298,Booking.com,2026-06-15,2026-08-21,2026-08-25,Fatima Smith,fatimasmith3@outlook.com,London,Family Room,Checked Out,331.95,France
OTA-26532362,Booking.com,2026-07-14,2026-09-18,2026-09-20,Rohan Morris,rohanmorris3@icloud.com,London,Standard Twin,Cancelled,412.69,Germany
OTA-85137286,Booking.com,2026-04-06,2026-05-07,2026-05-11,Yusuf Johnson,yusufjohnson47@outlook.com,Edinburgh,Executive King,Checked Out,528.53,United Kingdom
OTA-40691922,Expedia,2026-07-07,2026-09-23,2026-09-25,William Fraser,williamfraser98@hotmail.com,Manchester,Superior King,Checked Out,147.72,Germany
OTA-43902203,Expedia,2026-06-29,2026-09-20,2026-09-25,Charlotte Edwards,charlotteedwards53@icloud.com,Liverpool,Family Room,Checked Out,817.46,Germany
OTA-74525827,Expedia,2026-07-31,2026-09-04,2026-09-08,Leah Ahmed,leahahmed23@hotmail.com,Birmingham,Superior King,Checked Out,854.3,Ireland
OTA-91029601,Booking.com,2026-03-05,2026-03-16,2026-03-20,Charlie Hall,charliehall46@hotmail.com,London,Family Room,Confirmed,826.52,United States
OTA-83819350,Expedia,2026-02-22,2026-05-05,2026-05-06,Jessica Ali,jessicaali8@outlook.com,London,Standard Double,Checked Out,351.6,Germany
OTA-26191373,Booking.com,2026-08-17,2026-11-07,2026-11-11,Sara Robinson,sararobinson81@gmail.com,London,Standard Double,Checked Out,679.49,United Kingdom
OTA-47685283,Expedia,2026-03-21,2026-03-29,2026-04-03,Omar Singh,omarsingh44@yahoo.co.uk,Edinburgh,Executive King,Confirmed,374.21,United Kingdom
OTA-65366739,Expedia,2026-01-16,2026-03-17,2026-03-21,Sara Wood,sarawood77@outlook.com,Birmingham,Standard Double,Checked Out,864.47,Germany
OTA-61047318,Booking.com,2026-07-02,2026-07-25,2026-07-29,Henry Williams,henrywilliams57@outlook.com,Manchester,Standard Double,Cancelled,577.26,United Kingdom
OTA-24251158,Booking.com,2026-05-03,2026-06-24,2026-06-28,Nathan Davies,,London,Standard Double,Confirmed,839.6,United Kingdom
OTA-40191820,Expedia,2026-03-30,2026-04-30,2026-05-05,Jack Taylor,jacktaylor87@yahoo.co.uk,Birmingham,Executive King,Cancelled,735.62,United Kingdom
OTA-96643400,Expedia,2026-03-02,2026-03-21,2026-03-24,Isla Ahmed,islaahmed89@gmail.com,Liverpool,Standard Double,Checked Out,492.05,
OTA-76925880,Expedia,2026-03-16,2026-06-03,2026-06-05,Yusuf Williams,yusufwilliams5@hotmail.com,Liverpool,Standard Double,Checked Out,944.54,United Kingdom
OTA-78103059,Booking.com,2026-02-23,2026-03-03,2026-03-05,Arjun Baker,arjunbaker99@yahoo.co.uk,Edinburgh,Executive King,Confirmed,300.84,United Kingdom
OTA-81087695,Booking.com,2026-06-29,2026-07-17,2026-07-21,Mohammed Harris,mohammedharris94@proton.me,Liverpool,Standard Double,Checked Out,338.1,United States
OTA-64778201,Expedia,2026-04-19,2026-06-01,2026-06-05,Sophie Green,sophiegreen82@icloud.com,Manchester,Standard Double,Checked Out,303.43,
OTA-82431957,Expedia,2026-03-25,2026-06-18,2026-06-21,Callum Shah,callumshah91@proton.me,London,Standard Double,Confirmed,155.62,France
OTA-17373575,Booking.com,2026-04-24,2026-07-17,2026-07-21,Noah Wood,noahwood2@yahoo.co.uk,Liverpool,Standard Double,Confirmed,256.12,United Kingdom
OTA-87075582,Expedia,2026-05-29,2026-06-20,2026-06-25,Evie Smith,eviesmith10@icloud.com,Birmingham,Standard Twin,Cancelled,160.25,Ireland
OTA-46340840,Expedia,2026-08-16,2026-11-02,2026-11-07,Leah Patel,leahpatel15@hotmail.com,Edinburgh,Superior King,Checked Out,396.02,United Kingdom
OTA-46855059,Expedia,2026-03-08,2026-06-04,2026-06-07,Jessica Jones,,London,Family Room,Checked Out,430.54,Germany
OTA-28938794,Expedia,2026-01-09,2026-02-03,2026-02-07,Sara Carter,saracarter28@icloud.com,Birmingham,Executive King,Checked Out,235.15,United Kingdom
OTA-20114722,Booking.com,2026-01-13,2026-03-02,2026-03-06,Chloe Clarke,chloeclarke66@icloud.com,Edinburgh,Standard Twin,Confirmed,228.43,United Kingdom
OTA-46845258,Expedia,2026-04-12,2026-05-18,2026-05-23,Evie Wood,eviewood21@yahoo.co.uk,Liverpool,Standard Twin,Checked Out,287.1,Germany
OTA-38496057,Expedia,2026-04-09,2026-04-24,2026-04-29,Sara Cooper,saracooper89@outlook.com,Liverpool,Standard Double,Cancelled,796.94,Ireland
OTA-84392812,Booking.com,2026-06-29,2026-07-17,2026-07-22,Omar Morris,omarmorris88@gmail.com,Manchester,Standard Double,Checked Out,862.26,United States
OTA-23468172,Booking.com,2026-03-25,2026-06-22,2026-06-23,Omar Walker,omarwalker49@outlook.com,Birmingham,Executive King,Checked Out,630.78,United Kingdom
OTA-73997681,Expedia,2026-05-13,2026-07-25,2026-07-26,Harry Jackson,harryjackson90@hotmail.com,Manchester,Family Room,Cancelled,411.95,France
OTA-74397442,Booking.com,2026-02-04,2026-03-22,2026-03-24,Callum Johnson,callumjohnson22@outlook.com,Bristol,Standard Double,Confirmed,205.11,
OTA-90342126,Expedia,2026-02-21,2026-05-08,2026-05-10,Ethan Walker,ethanwalker80@outlook.com,Birmingham,Family Room,Cancelled,668.17,France
OTA-38680652,Expedia,2026-06-26,2026-09-18,2026-09-23,Ava Carter,avacarter68@icloud.com,Edinburgh,Superior King,Confirmed,349.54,Ireland
OTA-38712878,Booking.com,2026-02-07,2026-04-28,2026-05-01,Georgia Wilson,georgiawilson25@proton.me,London,Standard Double,Cancelled,99.13,Germany
OTA-92596752,Expedia,2026-01-17,2026-01-29,2026-02-03,Harry Wood,harrywood63@yahoo.co.uk,London,Standard Twin,Cancelled,954.02,United Kingdom
OTA-29471695,Expedia,2026-05-22,2026-06-28,2026-07-02,Thomas Smith,thomassmith91@proton.me,Manchester,Executive King,Confirmed,698.35,United States
OTA-21160854,Booking.com,2026-08-26,2026-11-13,2026-11-14,Harry Hall,harryhall5@yahoo.co.uk,London,Family Room,Confirmed,657.47,Germany
OTA-18605709,Expedia,2026-08-01,2026-10-04,2026-10-05,Leah Hall,leahhall28@gmail.com,Manchester,Standard Twin,Confirmed,228.79,Germany
OTA-69113869,Booking.com,2026-06-13,2026-08-29,2026-09-01,Isla Reid,islareid69@proton.me,Birmingham,Standard Double,Confirmed,285.48,United Kingdom
OTA-75161656,Booking.com,2026-05-06,2026-07-12,2026-07-17,Hannah Singh,hannahsingh99@gmail.com,Edinburgh,Standard Double,Confirmed,751.23,United Kingdom
OTA-30529008,Expedia,2026-08-21,2026-09-04,2026-09-06,Evie Mehta,eviemehta90@hotmail.com,Birmingham,Standard Double,Checked Out,826.43,France
OTA-92691786,Booking.com,2026-06-13,2026-08-05,2026-08-08,Emily Martin,emilymartin44@yahoo.co.uk,London,Superior King,Cancelled,672.45,United Kingdom
OTA-12683572,Expedia,2026-02-28,2026-04-16,2026-04-21,Mia Stewart,miastewart23@yahoo.co.uk,Liverpool,Exec King,Confirmed,133.09,United States
OTA-12251656,Expedia,2026-01-31,2026-02-10,2026-02-11,Zara Martin,zaramartin50@hotmail.com,Birmingham,Family Room,Confirmed,624.34,United Kingdom
OTA-72286298,Expedia,2026-06-08,2026-08-08,2026-08-10,Maya Davies,,Manchester,Standard Double,Checked Out,875.28,Ireland
OTA-51417205,Expedia,2026-02-20,2026-05-06,2026-05-08,Evie Brown,eviebrown31@gmail.com,Edinburgh,Standard Twin,Cancelled,617.59,Germany
OTA-45799047,Expedia,2026-03-11,2026-04-28,2026-05-01,Meera Robinson,meerarobinson34@yahoo.co.uk,Bristol,Family Room,Cancelled,707.25,United Kingdom
OTA-59362314,Booking.com,2026-08-15,2026-10-13,2026-10-16,Oliver Taylor,olivertaylor5@outlook.com,Birmingham,Standard Double,Cancelled,541.82,United Kingdom
OTA-44454879,Expedia,2026-08-15,2026-11-02,2026-11-06,William Harris,williamharris65@gmail.com,Liverpool,Superior King,Confirmed,977.57,Germany
OTA-82759032,Booking.com,2026-07-22,2026-07-31,2026-08-05,Nadia Phillips,nadiaphillips93@gmail.com,London,Superior King,Confirmed,503.46,United Kingdom
OTA-25112757,Expedia,2026-01-18,2026-03-29,2026-04-01,Amelia Wright,ameliawright67@proton.me,Birmingham,Family Room,Confirmed,173.07,United Kingdom
OTA-22313792,Expedia,2026-03-17,2026-04-05,2026-04-06,Amelia Collins,ameliacollins69@hotmail.com,London,Executive King,Cancelled,100.6,Germany
OTA-42013298,Expedia,2026-05-31,2026-08-01,2026-08-02,James Brown,,London,Standard Double,Cancelled,638.69,United Kingdom
OTA-45596043,Booking.com,2026-01-13,2026-03-03,2026-03-08,Samuel Mitchell,samuelmitchell13@proton.me,Edinburgh,Standard Double,Confirmed,552.59,United Kingdom
OTA-54671230,Booking.com,2026-04-20,2026-04-20,2026-04-24,Alfie Ali,alfieali71@gmail.com,London,Family Room,Checked Out,759.73,France
OTA-43761908,Expedia,2026-08-16,2026-08-24,2026-08-25,Ella Williams,ellawilliams99@hotmail.com,Birmingham,Exec King,Checked Out,322.45,United States
OTA-14641915,Expedia,2026-06-28,2026-07-20,2026-07-23,Rohan Robinson,rohanrobinson22@outlook.com,London,Standard Double,Cancelled,416.5,United Kingdom
OTA-94907549,Booking.com,2026-05-24,2026-07-31,2026-08-02,Benjamin Parker,benjaminparker69@hotmail.com,Manchester,Superior King,Confirmed,573.59,
OTA-31278582,Expedia,2026-07-28,2026-10-06,2026-10-07,Chloe Hussain,chloehussain46@outlook.com,London,Executive King,Confirmed,742.46,United States
OTA-61691182,Expedia,2026-05-29,2026-07-20,2026-07-24,Noah Murray,noahmurray79@proton.me,Manchester,Standard Double,Checked Out,618.84,France
OTA-20399197,Booking.com,2026-02-27,2026-05-01,2026-05-02,Charlie Parker,,London,Standard Twin,Confirmed,346.35,United Kingdom
OTA-65552359,Booking.com,2026-03-10,2026-03-25,2026-03-26,Oliver Singh,oliversingh86@proton.me,Edinburgh,Family Room,Checked Out,335.84,United States
OTA-60176332,Booking.com,2026-08-14,2026-09-08,2026-09-11,William Singh,,Birmingham,Standard Double,Confirmed,609.56,France
OTA-36096666,Expedia,2026-01-21,2026-01-26,2026-01-27,George Smith,georgesmith1@yahoo.co.uk,Birmingham,Exec King,Cancelled,182.39,Germany
OTA-11458189,Booking.com,2026-07-18,2026-08-13,2026-08-16,Charlotte Hussain,charlottehussain24@yahoo.co.uk,London,Executive King,Confirmed,420.8,Ireland
OTA-93139657,Expedia,2026-01-16,2026-03-12,2026-03-15,Jacob Green,jacobgreen10@hotmail.com,Manchester,Standard Double,Checked Out,378.19,United Kingdom
OTA-84714151,Expedia,2026-08-06,2026-10-20,2026-10-24,Hannah Campbell,hannahcampbell98@icloud.com,London,Family Room,Confirmed,294.22,France
OTA-74279419,Booking.com,2026-01-24,2026-01-25,2026-01-26,Charlie Ali,charlieali18@icloud.com,Manchester,Superior King,Confirmed,903.29,United States
OTA-66521495,Expedia,2026-08-09,2026-10-06,2026-10-09,Mohammed Clarke,mohammedclarke53@yahoo.co.uk,London,Standard Double,Cancelled,849.22,United Kingdom
OTA-89566714,Booking.com,2026-02-16,2026-05-13,2026-05-15,Yusuf White,yusufwhite52@hotmail.com,Bristol,Superior King,Confirmed,119.76,
OTA-72476745,Booking.com,2026-01-10,2026-03-21,2026-03-25,Ella Shah,ellashah88@proton.me,London,Family Room,Confirmed,466.41,United Kingdom
OTA-77114845,Expedia,2026-04-20,2026-05-06,2026-05-09,Thomas Walker,thomaswalker79@gmail.com,Bristol,Standard Double,Confirmed,838.66,United Kingdom
OTA-76015703,Booking.com,2026-07-17,2026-08-03,2026-08-06,Rebecca Hall,rebeccahall55@hotmail.com,Edinburgh,Standard Double,Checked Out,176.88,United States
OTA-61565943,Expedia,2026-01-15,2026-02-23,2026-02-24,Bethany Johnson,bethanyjohnson43@gmail.com,Edinburgh,Exec King,Confirmed,687.27,Ireland
OTA-23914706,Booking.com,2026-01-24,2026-04-08,2026-04-09,Zara Shah,zarashah65@outlook.com,London,Standard Double,Checked Out,260.56,
OTA-99880888,Booking.com,2026-03-03,2026-05-16,2026-05-19,Amelia Morris,ameliamorris42@yahoo.co.uk,Birmingham,Family Room,Checked Out,483.14,United States
OTA-12775034,Expedia,2026-06-08,2026-08-06,2026-08-09,Lily Hall,lilyhall48@yahoo.co.uk,Birmingham,Family Room,Checked Out,705.31,Ireland
OTA-95244662,Booking.com,2026-04-07,2026-06-04,2026-06-08,Meera Gupta,,Liverpool,Superior King,Confirmed,629.37,United Kingdom
OTA-68876786,Expedia,2026-03-30,2026-06-24,2026-06-26,Rebecca Hall,rebeccahall55@yahoo.co.uk,Liverpool,Family Room,Confirmed,578.3,United Kingdom
OTA-95913287,Booking.com,2026-03-31,2026-06-12,2026-06-14,Olivia Brown,oliviabrown50@hotmail.com,London,Family Room,Checked Out,690.94,United States
OTA-14586235,Expedia,2026-04-03,2026-05-27,2026-06-01,Mia Morris,miamorris66@icloud.com,Manchester,Superior King,Cancelled,154.27,France
OTA-26481872,Expedia,2026-01-10,2026-03-14,2026-03-17,Amelia Cooper,ameliacooper82@outlook.com,Edinburgh,Superior King,Confirmed,445.55,United Kingdom
OTA-64017458,Expedia,2026-03-07,2026-05-27,2026-05-29,Lily Harris,,London,Standard Double,Confirmed,127.98,United Kingdom
OTA-56465784,Booking.com,2026-02-18,2026-02-19,2026-02-23,George Singh,georgesingh52@proton.me,Manchester,Standard Double,Confirmed,618.33,United States
OTA-85739153,Expedia,2026-03-17,2026-03-25,2026-03-26,Jack Evans,jackevans53@proton.me,Edinburgh,Executive King,Confirmed,769.77,Ireland
OTA-96604712,Booking.com,2026-02-10,2026-03-26,2026-03-28,Lucy Gupta,lucygupta37@icloud.com,Manchester,Standard Double,Cancelled,382.88,Ireland
OTA-62243086,Booking.com,2026-04-08,2026-05-25,2026-05-30,Nathan Johnson,nathanjohnson9@yahoo.co.uk,Manchester,Exec King,Cancelled,789.02,United Kingdom
OTA-12811497,Booking.com,2026-01-13,2026-03-12,2026-03-14,Adam Ahmed,adamahmed78@icloud.com,Birmingham,Executive King,Checked Out,259.41,France
OTA-79431352,Booking.com,2026-02-21,2026-03-21,2026-03-22,Lucy Jackson,lucyjackson81@outlook.com,Birmingham,Exec King,Checked Out,211.95,
OTA-76518250,Expedia,2026-05-27,2026-08-22,2026-08-25,Harry Mehta,harrymehta48@yahoo.co.uk,Edinburgh,Superior King,Confirmed,873.12,United Kingdom
OTA-33553853,Booking.com,2026-06-16,2026-07-26,2026-07-30,Emily Wright,emilywright53@proton.me,London,Standard Double,Confirmed,722.17,France
OTA-46470579,Expedia,2026-02-06,2026-04-13,2026-04-17,Mia Smith,miasmith79@outlook.com,Edinburgh,Superior King,Cancelled,462.79,United States
OTA-40856457,Booking.com,2026-01-09,2026-01-30,2026-02-02,Harry Parker,harryparker60@hotmail.com,Liverpool,Superior King,Confirmed,607.52,France
OTA-12597163,Booking.com,2026-03-21,2026-04-11,2026-04-13,Henry King,,London,Standard Double,Confirmed,409.76,Germany
OTA-72404478,Booking.com,2026-06-16,2026-06-23,2026-06-24,Aisha Williams,aishawilliams31@yahoo.co.uk,Manchester,Family Room,Confirmed,881.49,
OTA-39947903,Booking.com,2026-02-04,2026-03-18,2026-03-22,Meera Davies,meeradavies1@gmail.com,London,Standard Double,Confirmed,247.54,
OTA-48225208,Expedia,2026-02-07,2026-04-26,2026-05-01,Jacob Wilson,jacobwilson59@hotmail.com,Birmingham,Executive King,Cancelled,322.01,
OTA-45749474,Expedia,2026-04-19,2026-06-01,2026-06-06,Bethany Phillips,bethanyphillips37@hotmail.com,London,Standard Twin,Confirmed,975.05,Germany
OTA-58852497,Expedia,2026-08-22,2026-09-26,2026-10-01,Sara Smith,sarasmith16@gmail.com,Bristol,Standard Twin,Checked Out,442.2,United Kingdom
OTA-97423882,Expedia,2026-04-19,2026-06-11,2026-06-15,William Jackson,williamjackson42@proton.me,Birmingham,Executive King,Checked Out,613.84,United States
OTA-26307762,Booking.com,2026-02-18,2026-03-17,2026-03-20,Callum Patel,callumpatel68@icloud.com,Edinburgh,Superior King,Confirmed,149.31,Germany
OTA-40232243,Booking.com,2026-06-23,2026-07-13,2026-07-15,Yusuf Mehta,yusufmehta63@icloud.com,Manchester,Family Room,Cancelled,859.91,United States
OTA-97555973,Expedia,2026-04-27,2026-04-27,2026-04-30,Henry Evans,henryevans54@yahoo.co.uk,London,Standard Double,Confirmed,141.96,Germany
OTA-75599872,Booking.com,2026-03-26,2026-04-24,2026-04-27,Rebecca Gupta,rebeccagupta3@outlook.com,Manchester,Superior King,Confirmed,627.39,United Kingdom
OTA-12967329,Expedia,2026-04-26,2026-05-24,2026-05-29,Rohan Jackson,rohanjackson94@gmail.com,London,Standard Double,Confirmed,405.87,Ireland
OTA-14642831,Expedia,2026-06-05,2026-07-24,2026-07-25,Ananya Mitchell,ananyamitchell15@yahoo.co.uk,Edinburgh,Executive King,Checked Out,127.76,United Kingdom
OTA-34291281,Booking.com,2026-08-13,2026-09-02,2026-09-03,Grace Cooper,gracecooper44@yahoo.co.uk,Edinburgh,Standard Double,Cancelled,938.76,United States
OTA-42940996,Booking.com,2026-06-19,2026-08-21,2026-08-26,Callum Phillips,callumphillips9@hotmail.com,Manchester,Family Room,Checked Out,617.68,France
OTA-18453688,Booking.com,2026-08-20,2026-10-19,2026-10-23,Ethan Cooper,ethancooper86@gmail.com,London,Superior King,Cancelled,298.37,United Kingdom
OTA-66061302,Booking.com,2026-07-15,2026-09-15,2026-09-17,Noah Ali,,Edinburgh,Standard Double,Cancelled,120.79,Ireland
OTA-42433660,Booking.com,2026-03-30,2026-06-08,2026-06-11,Ava Williams,avawilliams64@outlook.com,Bristol,Exec King,Confirmed,953.69,United States
OTA-39034460,Expedia,2026-02-23,2026-03-12,2026-03-17,James Shah,jamesshah91@gmail.com,Bristol,Superior King,Checked Out,187.92,United Kingdom
OTA-92581115,Booking.com,2026-04-08,2026-04-10,2026-04-11,Luke Cooper,lukecooper47@outlook.com,London,Family Room,Confirmed,762.42,United Kingdom
OTA-17130942,Expedia,2026-02-04,2026-03-08,2026-03-12,Ryan Mitchell,ryanmitchell21@yahoo.co.uk,Bristol,Executive King,Cancelled,248.78,United States
OTA-39185335,Booking.com,2026-07-15,2026-08-10,2026-08-13,George Harris,georgeharris52@proton.me,Edinburgh,Family Room,Confirmed,692.89,Germany
OTA-52943126,Expedia,2026-06-26,2026-07-26,2026-07-31,Isla Ahmed,islaahmed61@outlook.com,Birmingham,Family Room,Cancelled,711.42,United States
OTA-76766209,Booking.com,2026-02-12,2026-03-10,2026-03-11,Sophie Mehta,sophiemehta66@hotmail.com,Edinburgh,Family Room,Cancelled,495.32,France
OTA-91913014,Expedia,2026-02-23,2026-02-27,2026-03-04,Maya Davies,mayadavies37@icloud.com,Liverpool,Standard Double,Checked Out,144.03,United States
OTA-94485668,Expedia,2026-02-16,2026-04-23,2026-04-25,Benjamin Reid,benjaminreid87@icloud.com,Liverpool,Standard Double,Checked Out,140.0,Germany
OTA-19455694,Expedia,2026-01-27,2026-02-02,2026-02-06,Emily King,emilyking32@icloud.com,Liverpool,Family Room,Confirmed,704.18,United Kingdom
OTA-20902127,Booking.com,2026-02-21,2026-03-10,2026-03-13,Leo Hussain,leohussain76@gmail.com,Manchester,Standard Double,Confirmed,835.25,Ireland
OTA-39041932,Booking.com,2026-03-27,2026-06-12,2026-06-14,Oscar Edwards,oscaredwards3@outlook.com,Manchester,Standard Double,Checked Out,466.0,Ireland
OTA-16716358,Booking.com,2026-07-24,2026-09-20,2026-09-21,Charlie King,charlieking49@yahoo.co.uk,Edinburgh,Superior King,Checked Out,736.71,United Kingdom
OTA-26816075,Booking.com,2026-03-20,2026-05-25,2026-05-26,Mia Reid,miareid9@gmail.com,Manchester,Standard Double,Cancelled,950.17,France
OTA-93005509,Expedia,2026-04-10,2026-07-04,2026-07-09,David Reid,davidreid22@yahoo.co.uk,Edinburgh,Standard Twin,Confirmed,376.07,United Kingdom
OTA-53533198,Booking.com,2026-02-14,2026-02-24,2026-02-27,Arjun Taylor,arjuntaylor89@icloud.com,Manchester,Standard Double,Checked Out,529.03,United States
OTA-24725483,Expedia,2026-01-28,2026-03-18,2026-03-19,Henry Harris,,London,Family Room,Confirmed,364.78,
OTA-92871464,Booking.com,2026-01-31,2026-03-24,2026-03-29,Ananya King,ananyaking52@yahoo.co.uk,Manchester,Standard Twin,Confirmed,332.68,United Kingdom
OTA-84214797,Expedia,2026-05-12,2026-05-27,2026-05-31,Nathan Thompson,nathanthompson94@proton.me,Birmingham,Superior King,Confirmed,555.39,
OTA-74999134,Booking.com,2026-07-23,2026-09-25,2026-09-27,George Wilson,georgewilson72@yahoo.co.uk,Edinburgh,Family Room,Cancelled,210.7,France
OTA-34070687,Booking.com,2026-08-02,2026-10-12,2026-10-16,Lewis Patel,lewispatel75@proton.me,Birmingham,Exec King,Checked Out,705.91,Ireland
OTA-33431750,Booking.com,2026-04-10,2026-04-23,2026-04-26,Lewis Brown,lewisbrown69@gmail.com,Liverpool,Family Room,Confirmed,372.79,United Kingdom
OTA-34402945,Booking.com,2026-02-05,2026-02-12,2026-02-15,Bethany Murray,bethanymurray24@hotmail.com,Liverpool,Superior King,Confirmed,263.76,United States
OTA-35942821,Expedia,2026-06-13,2026-08-09,2026-08-11,Meera Wood,meerawood39@outlook.com,Birmingham,Standard Double,Cancelled,957.5,
OTA-56957227,Booking.com,2026-01-14,2026-03-14,2026-03-17,Alice Hussain,alicehussain76@outlook.com,Manchester,Exec King,Cancelled,231.93,France
OTA-28423362,Booking.com,2026-04-07,2026-05-23,2026-05-24,Rebecca White,rebeccawhite79@gmail.com,London,Family Room,Confirmed,668.28,United Kingdom
OTA-36775603,Booking.com,2026-06-08,2026-06-25,2026-06-26,Samuel Khan,samuelkhan34@gmail.com,Manchester,Family Room,Cancelled,178.5,France
OTA-74509222,Booking.com,2026-04-25,2026-05-16,2026-05-17,Maya Martin,mayamartin34@hotmail.com,Edinburgh,Superior King,Confirmed,447.31,United Kingdom
OTA-27772288,Booking.com,2026-05-11,2026-06-13,2026-06-16,Evie Clarke,evieclarke89@proton.me,Edinburgh,Superior King,Confirmed,588.69,Germany
OTA-54038310,Expedia,2026-04-02,2026-05-26,2026-05-29,Nadia Hall,nadiahall89@proton.me,Birmingham,Standard Double,Confirmed,332.63,United Kingdom
OTA-70785009,Expedia,2026-02-14,2026-05-10,2026-05-14,Mohammed Jones,,Manchester,Standard Double,Cancelled,811.67,United States
OTA-70560303,Expedia,2026-07-03,2026-09-10,2026-09-13,Ella Wood,,Liverpool,Standard Double,Checked Out,331.69,
OTA-50388488,Booking.com,2026-03-25,2026-04-10,2026-04-12,Arjun Fraser,arjunfraser23@hotmail.com,Manchester,Standard Twin,Confirmed,863.02,Germany
OTA-97283153,Expedia,2026-05-05,2026-05-19,2026-05-21,Oliver White,oliverwhite92@outlook.com,Manchester,Standard Double,Cancelled,596.77,Ireland
OTA-18126836,Booking.com,2026-08-23,2026-09-09,2026-09-11,Chloe Johnson,chloejohnson7@yahoo.co.uk,Birmingham,Standard Twin,Confirmed,535.16,
OTA-82786698,Booking.com,2026-04-15,2026-04-24,2026-04-27,Noah Taylor,noahtaylor46@hotmail.com,Birmingham,Family Room,Confirmed,338.98,Ireland
OTA-37677582,Expedia,2026-08-19,2026-09-16,2026-09-20,Leo Smith,leosmith43@gmail.com,Birmingham,Superior King,Cancelled,517.43,Ireland
OTA-66177264,Booking.com,2026-03-24,2026-06-13,2026-06-15,Mohammed Mitchell,mohammedmitchell74@hotmail.com,Manchester,Superior King,Confirmed,466.58,United Kingdom
OTA-74234584,Booking.com,2026-05-22,2026-06-21,2026-06-22,Callum Hussain,callumhussain62@yahoo.co.uk,Birmingham,Executive King,Cancelled,962.76,United States
OTA-45915963,Expedia,2026-02-09,2026-03-17,2026-03-19,Sara White,sarawhite84@yahoo.co.uk,London,Standard Twin,Confirmed,748.83,United Kingdom
OTA-15703789,Expedia,2026-07-21,2026-09-14,2026-09-16,Yusuf Wilson,yusufwilson50@icloud.com,London,Standard Double,Cancelled,549.99,United Kingdom
OTA-57046097,Expedia,2026-04-21,2026-07-16,2026-07-21,Samuel Mehta,samuelmehta55@yahoo.co.uk,Birmingham,Exec King,Confirmed,468.31,United Kingdom
OTA-81818336,Expedia,2026-02-15,2026-04-14,2026-04-19,Hannah Patel,hannahpatel81@yahoo.co.uk,Edinburgh,Exec King,Confirmed,665.99,France
OTA-66442928,Expedia,2026-06-30,2026-07-05,2026-07-07,Alfie Fraser,alfiefraser78@outlook.com,Liverpool,Standard Double,Confirmed,877.26,United Kingdom
OTA-13472409,Expedia,2026-05-20,2026-07-30,2026-07-31,Samuel Brown,samuelbrown7@icloud.com,Manchester,Superior King,Confirmed,587.09,Ireland
OTA-51508633,Expedia,2026-08-15,2026-10-02,2026-10-04,William Jackson,williamjackson72@yahoo.co.uk,Liverpool,Superior King,Cancelled,279.1,United Kingdom
OTA-48175914,Expedia,2026-02-15,2026-02-21,2026-02-25,Samuel Shah,samuelshah16@proton.me,Bristol,Superior King,Checked Out,433.93,United States
OTA-40862368,Booking.com,2026-08-15,2026-08-27,2026-08-28,Daniel Taylor,danieltaylor83@yahoo.co.uk,Liverpool,Superior King,Cancelled,962.64,Ireland
OTA-45484835,Expedia,2026-02-21,2026-04-01,2026-04-02,Sophie Shah,sophieshah79@gmail.com,London,Standard Double,Cancelled,603.69,Ireland
OTA-63515534,Expedia,2026-06-13,2026-07-13,2026-07-15,Nathan Phillips,nathanphillips1@yahoo.co.uk,Birmingham,Standard Double,Confirmed,758.28,United States
OTA-18596273,Booking.com,2026-08-18,2026-09-21,2026-09-25,Oliver Fraser,oliverfraser98@icloud.com,Manchester,Superior King,Cancelled,330.47,United Kingdom
OTA-96736235,Booking.com,2026-02-23,2026-05-03,2026-05-05,Daniel Murray,danielmurray13@gmail.com,Bristol,Superior King,Cancelled,496.05,United Kingdom
OTA-13201056,Booking.com,2026-05-29,2026-08-19,2026-08-24,Georgia Hussain,georgiahussain54@gmail.com,Edinburgh,Standard Twin,Checked Out,780.87,Germany
OTA-25293437,Booking.com,2026-01-12,2026-03-12,2026-03-17,Sophie Morris,sophiemorris50@hotmail.com,Liverpool,Standard Double,Cancelled,271.73,United Kingdom
OTA-72774452,Booking.com,2026-05-22,2026-08-08,2026-08-10,Priya Ali,priyaali71@icloud.com,Edinburgh,Standard Double,Confirmed,872.77,United States
OTA-55497141,Expedia,2026-05-19,2026-05-28,2026-06-02,Jack Taylor,,Liverpool,Standard Twin,Confirmed,712.44,United Kingdom
OTA-34454285,Booking.com,2026-03-12,2026-03-24,2026-03-25,Adam Khan,adamkhan4@yahoo.co.uk,London,Superior King,Confirmed,866.78,Germany
OTA-53064111,Booking.com,2026-08-08,2026-08-14,2026-08-17,Alice Jackson,alicejackson75@yahoo.co.uk,Edinburgh,Superior King,Cancelled,974.32,Ireland
OTA-91368655,Expedia,2026-03-18,2026-04-19,2026-04-21,Charlie Parker,charlieparker18@proton.me,Edinburgh,Standard Twin,Checked Out,794.54,United Kingdom
OTA-39254302,Expedia,2026-05-06,2026-07-06,2026-07-07,Harry Ahmed,harryahmed5@hotmail.com,Liverpool,Standard Twin,Cancelled,707.73,
OTA-30845021,Expedia,2026-04-02,2026-05-28,2026-06-02,Sophie Singh,sophiesingh65@outlook.com,Manchester,Family Room,Confirmed,729.96,United Kingdom
OTA-83926286,Booking.com,2026-01-08,2026-02-19,2026-02-22,Luke Brown,lukebrown33@proton.me,Manchester,Standard Double,Confirmed,520.0,United Kingdom
OTA-59572586,Expedia,2026-05-18,2026-08-06,2026-08-10,Alice Hussain,alicehussain16@gmail.com,Manchester,Standard Double,Confirmed,641.69,France
OTA-93656227,Booking.com,2026-01-25,2026-04-15,2026-04-20,Rebecca Cooper,rebeccacooper86@outlook.com,Edinburgh,Standard Double,Checked Out,160.21,United Kingdom
OTA-13112437,Expedia,2026-02-28,2026-03-27,2026-03-28,Grace Green,gracegreen92@outlook.com,London,Standard Double,Checked Out,605.89,United Kingdom
OTA-27295013,Expedia,2026-06-11,2026-07-06,2026-07-11,Rebecca Stewart,rebeccastewart71@outlook.com,London,Standard Twin,Confirmed,638.25,Germany
OTA-88284447,Expedia,2026-02-04,2026-03-15,2026-03-18,Priya Mitchell,priyamitchell51@gmail.com,Bristol,Exec King,Confirmed,805.61,Ireland
OTA-58141234,Expedia,2026-02-04,2026-04-19,2026-04-21,Priya Carter,priyacarter19@icloud.com,Birmingham,Standard Twin,Checked Out,515.11,United Kingdom
OTA-98395326,Booking.com,2026-04-26,2026-05-24,2026-05-27,Grace Fraser,gracefraser48@outlook.com,London,Family Room,Confirmed,805.71,
OTA-83612780,Expedia,2026-01-31,2026-03-17,2026-03-21,George White,georgewhite42@icloud.com,Birmingham,Executive King,Confirmed,411.37,France
OTA-73410285,Booking.com,2026-04-28,2026-07-26,2026-07-29,Chloe Wood,chloewood49@icloud.com,Manchester,Executive King,Cancelled,593.19,Germany
OTA-64480107,Booking.com,2026-02-09,2026-02-15,2026-02-17,Mia Harris,miaharris86@icloud.com,Edinburgh,Standard Double,Checked Out,733.8,United States
OTA-11694068,Booking.com,2026-08-20,2026-10-21,2026-10-25,Samuel Morris,samuelmorris89@icloud.com,Bristol,Executive King,Confirmed,376.73,France
OTA-92861248,Booking.com,2026-03-01,2026-03-10,2026-03-12,Callum Hall,callumhall73@yahoo.co.uk,Manchester,Family Room,Confirmed,119.99,Germany
OTA-64273214,Booking.com,2026-02-12,2026-02-15,2026-02-19,Joshua Carter,,Manchester,Superior King,Checked Out,780.89,Germany
OTA-56054066,Expedia,2026-06-13,2026-06-21,2026-06-26,Mohammed Jones,mohammedjones63@yahoo.co.uk,Liverpool,Superior King,Checked Out,893.86,Germany
OTA-69891443,Expedia,2026-07-20,2026-08-02,2026-08-06,Mohammed Parker,mohammedparker37@gmail.com,Edinburgh,Standard Double,Confirmed,491.79,United States
OTA-17396532,Booking.com,2026-08-07,2026-10-18,2026-10-20,Zara Davies,zaradavies66@gmail.com,Bristol,Family Room,Checked Out,808.93,United Kingdom
OTA-44555262,Booking.com,2026-03-11,2026-05-17,2026-05-22,Alice Carter,alicecarter88@outlook.com,Liverpool,Exec King,Checked Out,99.92,United Kingdom
OTA-10423528,Booking.com,2026-07-04,2026-09-01,2026-09-05,Henry Stewart,henrystewart37@hotmail.com,Birmingham,Exec King,Confirmed,228.94,France
OTA-52241016,Expedia,2026-01-17,2026-01-27,2026-02-01,Ethan Wright,ethanwright49@hotmail.com,Edinburgh,Exec King,Confirmed,606.15,Ireland
OTA-48667504,Expedia,2026-05-14,2026-07-18,2026-07-20,Ava Wilson,avawilson60@hotmail.com,London,Executive King,Confirmed,661.98,France
OTA-22434534,Expedia,2026-03-13,2026-05-24,2026-05-29,Lily Jones,lilyjones29@outlook.com,London,Standard Twin,Checked Out,241.89,United States
OTA-85613524,Booking.com,2026-08-28,2026-09-26,2026-09-29,Alfie Murray,alfiemurray12@proton.me,London,Standard Double,Confirmed,527.85,United States
OTA-29581429,Booking.com,2026-08-07,2026-10-24,2026-10-25,Omar Shah,omarshah4@yahoo.co.uk,Manchester,Exec King,Confirmed,466.0,United States
OTA-58294565,Booking.com,2026-01-16,2026-03-22,2026-03-24,Bethany Walker,bethanywalker79@gmail.com,Bristol,Superior King,Checked Out,658.82,
OTA-83315640,Expedia,2026-06-14,2026-06-22,2026-06-26,Benjamin Carter,benjamincarter54@hotmail.com,Bristol,Superior King,Cancelled,633.43,Ireland
OTA-68807353,Expedia,2026-01-14,2026-02-04,2026-02-09,Ryan Evans,ryanevans22@hotmail.com,Liverpool,Standard Double,Confirmed,334.77,Ireland
OTA-42122566,Booking.com,2026-08-06,2026-08-13,2026-08-16,Rohan Ahmed,rohanahmed85@yahoo.co.uk,Birmingham,Exec King,Confirmed,414.38,France
OTA-19365849,Expedia,2026-07-09,2026-09-29,2026-09-30,Joshua Clarke,,Birmingham,Executive King,Confirmed,399.43,France
OTA-91325774,Booking.com,2026-04-15,2026-06-24,2026-06-27,Jack Hussain,jackhussain47@yahoo.co.uk,Liverpool,Family Room,Confirmed,430.96,United Kingdom
OTA-31861060,Booking.com,2026-02-17,2026-04-11,2026-04-14,Leah Ahmed,leahahmed18@icloud.com,Edinburgh,Executive King,Confirmed,687.11,United Kingdom
OTA-87201328,Booking.com,2026-01-11,2026-04-04,2026-04-06,Nadia Stewart,nadiastewart34@gmail.com,Birmingham,Executive King,Confirmed,967.87,Ireland
OTA-24110307,Expedia,2026-06-04,2026-06-10,2026-06-12,Ethan Morris,,Liverpool,Standard Double,Cancelled,703.03,France
OTA-73398887,Booking.com,2026-01-05,2026-03-20,2026-03-22,Lucy Johnson,lucyjohnson58@hotmail.com,Liverpool,Family Room,Cancelled,360.96,
OTA-61703663,Expedia,2026-01-26,2026-01-31,2026-02-02,Sophie Turner,sophieturner22@yahoo.co.uk,Edinburgh,Standard Double,Cancelled,645.32,France
OTA-71196452,Expedia,2026-03-14,2026-06-08,2026-06-13,Olivia Walker,oliviawalker48@outlook.com,Birmingham,Standard Double,Checked Out,168.28,France
OTA-33162121,Booking.com,2026-08-29,2026-09-25,2026-09-27,Yusuf Jackson,yusufjackson70@proton.me,Bristol,Standard Double,Cancelled,584.79,United Kingdom
OTA-35834931,Booking.com,2026-05-10,2026-05-23,2026-05-26,Grace Stewart,gracestewart76@proton.me,Birmingham,Executive King,Checked Out,323.9,France
OTA-96018027,Expedia,2026-07-11,2026-09-23,2026-09-24,Leah Green,leahgreen51@icloud.com,Manchester,Standard Double,Checked Out,621.74,United Kingdom
OTA-99907639,Booking.com,2026-08-11,2026-09-03,2026-09-06,Omar Evans,omarevans55@outlook.com,Manchester,Family Room,Confirmed,888.24,Ireland
OTA-17990117,Expedia,2026-06-18,2026-09-03,2026-09-05,Leah Johnson,leahjohnson22@outlook.com,Bristol,Standard Double,Cancelled,591.66,United Kingdom
OTA-40411866,Booking.com,2026-04-08,2026-07-01,2026-07-03,Olivia Edwards,oliviaedwards65@icloud.com,Edinburgh,Exec King,Checked Out,646.96,United States
OTA-71691011,Expedia,2026-06-13,2026-08-30,2026-09-02,Leo King,leoking4@gmail.com,London,Standard Double,Checked Out,656.17,United Kingdom
OTA-65374410,Booking.com,2026-06-10,2026-06-24,2026-06-29,Evie Baker,eviebaker75@gmail.com,Birmingham,Executive King,Confirmed,805.57,Germany
OTA-92554411,Booking.com,2026-05-13,2026-06-11,2026-06-14,Matthew Smith,matthewsmith24@outlook.com,Edinburgh,Standard Twin,Confirmed,478.53,
OTA-54802392,Booking.com,2026-07-21,2026-08-18,2026-08-22,Matthew Wilson,matthewwilson33@hotmail.com,Manchester,Superior King,Cancelled,478.31,United Kingdom
OTA-53731724,Booking.com,2026-08-27,2026-08-27,2026-08-29,Fatima Robinson,fatimarobinson31@yahoo.co.uk,Edinburgh,Superior King,Confirmed,978.61,United States
OTA-22134029,Expedia,2026-02-23,2026-04-21,2026-04-24,Rohan Khan,rohankhan37@icloud.com,London,Superior King,Confirmed,885.13,United Kingdom
